Client,Clip_Value,Original_Norm,Protected_Norm,Scale
client1,1.0,2.017430835565559,0.9999999897554517,0.4956799422167888
client1,0.5,2.017430835565559,0.49999999487772584,0.2478399711083944
client1,0.1,2.017430835565559,0.10000000055588316,0.04956799422167889
client2,1.0,2.1358165997273852,0.9999999871361068,0.4682049948142417
client2,0.5,2.1358165997273852,0.4999999935680534,0.23410249740712086
client2,0.1,2.1358165997273852,0.09999999792744345,0.04682049948142417
client3,1.0,2.1431554865754596,1.0000000083819032,0.4666017030791498
client3,0.5,2.1431554865754596,0.5000000041909516,0.2333008515395749
client3,0.1,2.1431554865754596,0.10000000084692147,0.04666017030791498
client4,1.0,2.180081360962706,1.0000000431900835,0.45869847699534916
client4,0.5,2.180081360962706,0.5000000215950418,0.22934923849767458
client4,0.1,2.180081360962706,0.09999999737265167,0.04586984769953492
