Client,Clip_Value,Noise_Level,Original_Norm,Clipped_Norm,Protected_Norm
client1,1.0,0.0,2.017430835565559,1.0,0.9999999897554517
client1,1.0,0.01,2.017430835565559,1.0,1.5356279742223164
client1,1.0,0.05,2.017430835565559,1.0,5.878090094472086
client1,1.0,0.1,2.017430835565559,1.0,11.653307764559191
client1,1.0,0.5,2.017430835565559,1.0,56.93275837254306
client2,1.0,0.0,2.1358165997273852,1.0,0.9999999871361068
client2,1.0,0.01,2.1358165997273852,1.0,1.5426118529994675
client2,1.0,0.05,2.1358165997273852,1.0,5.95313315910371
client2,1.0,0.1,2.1358165997273852,1.0,11.573447252941284
client2,1.0,0.5,2.1358165997273852,1.0,58.14794825725165
client3,1.0,0.0,2.1431554865754596,1.0,1.0000000083819032
client3,1.0,0.01,2.1431554865754596,1.0,1.5463606017954403
client3,1.0,0.05,2.1431554865754596,1.0,5.869741783202323
client3,1.0,0.1,2.1431554865754596,1.0,11.654841237550745
client3,1.0,0.5,2.1431554865754596,1.0,57.81975578449344
client4,1.0,0.0,2.180081360962706,1.0,1.0000000431900835
client4,1.0,0.01,2.180081360962706,1.0,1.546655371094614
client4,1.0,0.05,2.180081360962706,1.0,5.825158452111627
client4,1.0,0.1,2.180081360962706,1.0,11.574166705593548
client4,1.0,0.5,2.180081360962706,1.0,58.129196617437394
