client_id,defense,parameter,filename,true_label,pred_label,label_match,mse,psnr,ssim,success,iterations,final_grad_loss,duration_sec
1,clipping,0.1,client1_gradient_clip_0.1.pt,9,9,1,0.00022779483697377145,36.4245612353704,0.9469172147849252,True,20,6.139704851193528e-07,3.0762462615966797
1,clipping,0.5,client1_gradient_clip_0.5.pt,9,9,1,2.0481227238633437e-06,56.886440239170106,0.9989648435480338,True,10,5.72333874515607e-07,1.4526801109313965
1,clipping,1.0,client1_gradient_clip_1.0.pt,9,9,1,3.549535563251993e-07,64.49828468215915,0.9998619491157453,True,9,4.58460817753803e-07,1.2846968173980713
1,dp,0.0,client1_gradient_dp_0.0.pt,9,9,1,3.549535563251993e-07,64.49828468215915,0.9998619491157453,True,9,4.58460817753803e-07,1.375232219696045
1,dp,0.01,client1_gradient_dp_0.01.pt,9,9,1,0.04924550652503967,13.076333911645504,0.4891951028228482,False,11,1.2629355192184448,1.2708477973937988
1,dp,0.05,client1_gradient_dp_0.05.pt,9,9,1,0.41430261731147766,3.8268232308514403,0.11550787732526138,False,100,30.669593811035156,15.683009386062622
1,dp,0.1,client1_gradient_dp_0.1.pt,9,9,1,0.45538827776908875,3.4161815282874306,0.05708925363132692,False,100,123.05277252197266,15.518814325332642
1,dp,0.5,client1_gradient_dp_0.5.pt,9,9,1,0.4998323917388916,3.01175602756138,0.0010696007657082802,False,22,3105.09716796875,1.9055976867675781
2,clipping,0.1,client2_gradient_clip_0.1.pt,5,5,1,0.00039610156090930104,34.02193446176973,0.9708785243363174,True,22,9.886236966849538e-07,3.28010892868042
2,clipping,0.5,client2_gradient_clip_0.5.pt,5,5,1,1.1668389561236836e-05,49.32989079938436,0.9976715319905399,True,11,9.816191095524118e-07,1.5278489589691162
2,clipping,1.0,client2_gradient_clip_1.0.pt,5,5,1,2.5837427983788075e-06,55.877507208643955,0.9988674653216827,True,9,8.963221489466378e-07,1.122382402420044
2,dp,0.0,client2_gradient_dp_0.0.pt,5,5,1,2.5837427983788075e-06,55.877507208643955,0.9988674653216827,True,9,8.963221489466378e-07,1.1435894966125488
2,dp,0.01,client2_gradient_dp_0.01.pt,5,5,1,0.06582944095134735,11.81579833086197,0.6436377968009216,False,11,1.2826875448226929,1.2551755905151367
2,dp,0.05,client2_gradient_dp_0.05.pt,5,5,1,0.3711475431919098,4.304534099105099,0.16845484796864074,False,100,31.633222579956055,15.20172643661499
2,dp,0.1,client2_gradient_dp_0.1.pt,5,2,0,0.448913037776947,3.4783778120480857,0.013522620653555646,False,24,127.83285522460938,3.2495815753936768
2,dp,0.5,client2_gradient_dp_0.5.pt,5,4,0,0.48276659846305847,3.1626278539530057,0.007743470906055285,False,19,3213.620849609375,2.495912551879883
3,clipping,0.1,client3_gradient_clip_0.1.pt,7,7,1,0.0002654418640304357,35.7603058153336,0.9585429742693716,True,21,6.875338272038789e-07,3.09163498878479
3,clipping,0.5,client3_gradient_clip_0.5.pt,7,7,1,5.739152584283147e-06,52.411522287063804,0.9976466517310497,True,11,6.987917231526808e-07,1.594644546508789
3,clipping,1.0,client3_gradient_clip_1.0.pt,7,7,1,3.331655875626893e-07,64.77339862917839,0.9998691173131801,True,9,6.308832212198467e-07,1.2294960021972656
3,dp,0.0,client3_gradient_dp_0.0.pt,7,7,1,3.331655875626893e-07,64.77339862917839,0.9998691173131801,True,9,6.308832212198467e-07,1.2931857109069824
3,dp,0.01,client3_gradient_dp_0.01.pt,7,7,1,0.05550101399421692,12.556990823174985,0.5834824124254279,False,13,1.273533582687378,1.2628285884857178
3,dp,0.05,client3_gradient_dp_0.05.pt,7,7,1,0.40684518218040466,3.9057082250935,0.09571732940578259,False,69,30.487262725830078,10.464898109436035
3,dp,0.1,client3_gradient_dp_0.1.pt,7,4,0,0.5028429627418518,2.9856762341924687,0.010274668309122603,False,100,126.20214080810547,15.792542219161987
3,dp,0.5,client3_gradient_dp_0.5.pt,7,6,0,0.45805609226226807,3.390813362573607,0.005280489730740445,False,10,3360.23974609375,1.0499274730682373
4,clipping,0.1,client4_gradient_clip_0.1.pt,0,0,1,0.00033980869920924306,34.68765507249753,0.9562906807149983,True,23,7.718746815044142e-07,3.3156914710998535
4,clipping,0.5,client4_gradient_clip_0.5.pt,0,0,1,1.1091298802057281e-05,49.55017594559665,0.9959413548392698,True,13,8.107002713586553e-07,1.8726305961608887
4,clipping,1.0,client4_gradient_clip_1.0.pt,0,0,1,5.772771487499995e-07,62.386156335081225,0.9997346677070806,True,10,5.180863809073344e-07,1.4185104370117188
4,dp,0.0,client4_gradient_dp_0.0.pt,0,0,1,5.772771487499995e-07,62.386156335081225,0.9997346677070806,True,10,5.180863809073344e-07,1.3957431316375732
4,dp,0.01,client4_gradient_dp_0.01.pt,0,0,1,0.059925638139247894,12.223873325320486,0.6019564255000026,False,14,1.2869393825531006,1.3678345680236816
4,dp,0.05,client4_gradient_dp_0.05.pt,0,0,1,0.454775869846344,3.422025867956397,0.08898380596328163,False,100,30.078155517578125,15.427824258804321
4,dp,0.1,client4_gradient_dp_0.1.pt,0,0,1,0.4636663794517517,3.3379439374822995,0.08473939593408578,False,5,173.97573852539062,0.2746434211730957
4,dp,0.5,client4_gradient_dp_0.5.pt,0,9,0,0.46596232056617737,3.3164920054561806,0.03775753953790249,False,5,3414.435546875,0.23614931106567383
